Crash.ID,State,Month,Year,Dayweek,Time,Crash.Type,Bus.Involvement,Heavy.Rigid.Truck.Involvement,Articulated.Truck.Involvement,Speed.Limit,Road.User,Gender,Age,National.Remoteness.Areas,SA4.Name.2016,National.LGA.Name.2017,National.Road.Type,Christmas.Period,Easter.Period,Age.Group,Day.of.week,TimeOfDay,NumberOfAccidents
20211104,NSW,9,2021,Tuesday,8:00,Single,No,No,No,100,Driver,Male,64,Inner Regional Australia,Richmond - Tweed,Kyogle,Sub-arterial Road,No,No,40_to_64,Weekday,Day,1
20214067,SA,9,2021,Friday,14:45,Single,No,No,No,60,Pedestrian,Female,90,Major Cities of Australia,Adelaide - West,Charles Sturt (C),Arterial Road,No,No,75_or_older,Weekday,Day,1
20212053,Vic,8,2021,Friday,19:48,Multiple,No,No,No,80,Driver,Male,77,Major Cities of Australia,Melbourne - South East,Monash (C),Arterial Road,No,No,75_or_older,Weekend,Night,1
20213023,Qld,8,2021,Monday,20:00,Multiple,No,No,No,110,Pedestrian,Male,17,Major Cities of Australia,Sunshine Coast,Sunshine Coast (R),National or State Highway,No,No,17_to_25,Weekday,Night,1
20213160,Qld,7,2021,Friday,14:00,Multiple,No,No,No,100,Driver,Male,60,Outer Regional Australia,Mackay - Isaac - Whitsunday,Mackay (R),National or State Highway,No,No,40_to_64,Weekday,Day,1
20212029,Vic,7,2021,Thursday,17:30,Multiple,No,No,No,70,Motorcycle rider,Male,45,Major Cities of Australia,Melbourne - West,Brimbank (C),Local Road,No,No,40_to_64,Weekday,Day,1
20211012,NSW,7,2021,Thursday,21:41,Multiple,No,No,No,50,Motorcycle rider,Male,27,Inner Regional Australia,Richmond - Tweed,Richmond Valley,Local Road,No,No,26_to_39,Weekday,Night,1
20214044,SA,7,2021,Wednesday,11:20,Single,No,No,No,40,Pedestrian,Female,64,Major Cities of Australia,Adelaide - West,Port Adelaide Enfield (C),Sub-arterial Road,No,No,40_to_64,Weekday,Day,1
20211176,NSW,6,2021,Saturday,12:23,Multiple,No,No,No,100,Driver,Female,19,Inner Regional Australia,Riverina,Wagga Wagga,National or State Highway,No,No,17_to_25,Weekend,Day,1
20213095,Qld,6,2021,Wednesday,8:00,Single,No,No,No,100,Passenger,Female,48,Outer Regional Australia,Darling Downs - Maranoa,Western Downs (R),National or State Highway,No,No,40_to_64,Weekday,Day,1
20211003,NSW,6,2021,Wednesday,13:28,Multiple,No,Yes,No,100,Driver,Female,69,Inner Regional Australia,Central West,Lithgow,National or State Highway,No,No,65_to_74,Weekday,Day,1
20212114,Vic,6,2021,Wednesday,7:06,Multiple,No,Yes,No,80,Motorcycle rider,Male,22,Major Cities of Australia,Melbourne - South East,Monash (C),National or State Highway,No,No,17_to_25,Weekday,Day,1
20212081,Vic,5,2021,Saturday,12:59,Single,No,No,No,80,Motorcycle rider,Male,43,Inner Regional Australia,Melbourne - North East,Mitchell (S),Collector Road,No,No,40_to_64,Weekend,Day,1
20213015,Qld,5,2021,Thursday,10:00,Single,No,No,No,100,Driver,Male,36,Remote Australia,Cairns,Tablelands (R),National or State Highway,No,No,26_to_39,Weekday,Day,1
20213011,Qld,5,2021,Tuesday,10:00,Single,No,No,No,60,Motorcycle rider,Male,66,Inner Regional Australia,Moreton Bay - South,Moreton Bay (R),Sub-arterial Road,No,No,65_to_74,Weekday,Day,1
20211119,NSW,5,2021,Wednesday,18:25,Single,No,Yes,No,80,Pedestrian,Male,69,Major Cities of Australia,Central Coast,Central Coast,National or State Highway,No,No,65_to_74,Weekday,Night,1
20211014,NSW,4,2021,Wednesday,6:20,Multiple,No,No,Yes,100,Driver,Male,21,Major Cities of Australia,Sydney - South West,Liverpool,National or State Highway,No,No,17_to_25,Weekday,Day,1
20213173,Qld,3,2021,Saturday,19:00,Single,No,No,No,100,Driver,Male,35,Outer Regional Australia,Mackay - Isaac - Whitsunday,Mackay (R),Sub-arterial Road,No,No,26_to_39,Weekend,Night,1
20214060,SA,3,2021,Saturday,12:10,Multiple,No,No,No,110,Passenger,Female,57,Very Remote Australia,South Australia - Outback,Unincorporated SA,National or State Highway,No,No,40_to_64,Weekend,Day,1
20211143,NSW,3,2021,Sunday,10:10,Single,No,No,No,80,Driver,Male,81,Major Cities of Australia,Hunter Valley exc Newcastle,Maitland,Collector Road,No,No,75_or_older,Weekend,Day,1
20213152,Qld,3,2021,Monday,16:00,Multiple,No,No,Yes,100,Driver,Male,20,Inner Regional Australia,Moreton Bay - North,Moreton Bay (R),National or State Highway,No,No,17_to_25,Weekday,Day,1
20213106,Qld,2,2021,Saturday,19:00,Multiple,No,No,No,80,Motorcycle rider,Male,29,Major Cities of Australia,Moreton Bay - South,Moreton Bay (R),Collector Road,No,No,26_to_39,Weekend,Night,1
20211186,NSW,2,2021,Sunday,9:44,Single,No,No,No,60,Pedal cyclist,Male,59,Inner Regional Australia,Central Coast,Central Coast,National or State Highway,No,No,40_to_64,Weekend,Day,1
20213050,Qld,2,2021,Tuesday,6:00,Multiple,No,Yes,No,110,Driver,Female,49,Remote Australia,Townsville,Charters Towers (R),National or State Highway,No,No,40_to_64,Weekday,Day,1
20213167,Qld,2,2021,Friday,1:00,Multiple,No,No,Yes,100,Driver,Male,35,Outer Regional Australia,Mackay - Isaac - Whitsunday,Isaac (R),National or State Highway,No,No,26_to_39,Weekday,Night,1
20213109,Qld,1,2021,Wednesday,12:00,Single,No,No,Yes,100,Driver,Male,46,Very Remote Australia,Queensland - Outback,Cloncurry (S),Sub-arterial Road,No,No,40_to_64,Weekday,Day,1
20213028,Qld,1,2021,Friday,17:00,Single,No,No,No,70,Pedestrian,Male,49,Outer Regional Australia,Cairns,Cairns (R),Local Road,No,No,40_to_64,Weekday,Day,1
20202123,Vic,12,2020,Saturday,14:30,Single,No,No,No,100,Driver,Male,62,Outer Regional Australia,North West,Gannawarra (S),National or State Highway,No,No,40_to_64,Weekend,Day,1
20202020,Vic,12,2020,Friday,17:41,Single,No,No,No,80,Motorcycle rider,Male,61,Major Cities of Australia,Melbourne - North East,Nillumbik (S),Sub-arterial Road,No,No,40_to_64,Weekday,Day,1
20206011,Tas,12,2020,Wednesday,23:30,Single,No,No,No,100,Passenger,Male,21,Outer Regional Australia,West and North West,Waratah/Wynyard (M),Sub-arterial Road,No,No,17_to_25,Weekday,Night,1
20203191,Qld,12,2020,Tuesday,4:00,Single,No,No,No,80,Driver,Male,18,Inner Regional Australia,Sunshine Coast,Sunshine Coast (R),Local Road,Yes,No,17_to_25,Weekday,Night,1
20201207,NSW,11,2020,Sunday,4:20,Single,No,No,No,60,Driver,Male,17,Major Cities of Australia,Sydney - South West,Fairfield,Arterial Road,No,No,17_to_25,Weekend,Night,1
20201159,NSW,11,2020,Sunday,11:50,Single,No,No,No,100,Driver,Male,60,Outer Regional Australia,New England and North West,Inverell,Arterial Road,No,No,40_to_64,Weekend,Day,1
20203186,Qld,11,2020,Sunday,9:00,Multiple,No,No,No,80,Motorcycle rider,Male,26,Inner Regional Australia,Gold Coast,Gold Coast (C),Sub-arterial Road,No,No,26_to_39,Weekend,Day,1
20204039,SA,11,2020,Thursday,22:30,Single,No,No,No,100,Driver,Male,16,Outer Regional Australia,Barossa - Yorke - Mid North,Copper Coast (DC),Access road,No,No,0_to_16,Weekday,Night,1
20202012,Vic,10,2020,Wednesday,0:15,Single,No,No,No,100,Driver,Male,21,Inner Regional Australia,Latrobe - Gippsland,Bass Coast (S),Local Road,No,No,17_to_25,Weekday,Night,1
20201003,NSW,10,2020,Saturday,12:35,Multiple,No,No,No,100,Motorcycle rider,Male,31,Outer Regional Australia,New England and North West,Narrabri,Arterial Road,No,No,26_to_39,Weekend,Day,1
20202027,Vic,10,2020,Saturday,18:59,Multiple,No,No,No,40,Motorcycle rider,Male,36,Major Cities of Australia,Melbourne - Inner,Melbourne (C),Arterial Road,No,No,26_to_39,Weekend,Night,1
20203220,Qld,10,2020,Monday,22:00,Single,No,No,No,60,Passenger,Male,16,Inner Regional Australia,Darling Downs - Maranoa,Toowoomba (R),Sub-arterial Road,No,No,0_to_16,Weekday,Night,1
20202091,Vic,9,2020,Wednesday,23:20,Single,No,No,No,100,Driver,Male,61,Inner Regional Australia,Warrnambool and South West,Corangamite (S),Sub-arterial Road,No,No,40_to_64,Weekday,Night,1
20202068,Vic,9,2020,Sunday,8:00,Single,No,No,No,100,Driver,Male,20,Outer Regional Australia,North West,Buloke (S),National or State Highway,No,No,17_to_25,Weekend,Day,1
20203039,Qld,9,2020,Sunday,19:00,Multiple,No,No,Yes,100,Driver,Female,28,Inner Regional Australia,Wide Bay,Fraser Coast (R),Sub-arterial Road,No,No,26_to_39,Weekend,Night,1
20201020,NSW,9,2020,Tuesday,10:30,Single,No,No,No,100,Driver,Male,84,Remote Australia,New England and North West,Narrabri,Arterial Road,No,No,75_or_older,Weekday,Day,1
20202160,Vic,8,2020,Thursday,5:34,Single,No,No,No,60,Driver,Male,27,Inner Regional Australia,Shepparton,Greater Shepparton (C),National or State Highway,No,No,26_to_39,Weekday,Night,1
20201256,NSW,8,2020,Sunday,16:13,Multiple,No,No,Yes,100,Driver,Female,75,Inner Regional Australia,Riverina,Wagga Wagga,National or State Highway,No,No,75_or_older,Weekend,Day,1
20201240,NSW,8,2020,Thursday,7:10,Multiple,No,No,No,70,Driver,Female,35,Major Cities of Australia,Sydney - City and Inner South,Sydney,National or State Highway,No,No,26_to_39,Weekday,Day,1
20207010,NT,7,2020,Friday,23:20,Single,No,No,No,130,Passenger,Female,38,Remote Australia,Northern Territory - Outback,Katherine (T),National or State Highway,No,No,26_to_39,Weekend,Night,1
20201220,NSW,7,2020,Sunday,9:55,Multiple,No,No,No,60,Motorcycle pillion passenger,Female,41,Major Cities of Australia,Sydney - South West,Liverpool,Collector Road,No,No,40_to_64,Weekend,Day,1
20203176,Qld,7,2020,Monday,14:00,Single,No,No,Yes,100,Driver,Male,38,Remote Australia,Central Queensland,Banana (S),National or State Highway,No,No,26_to_39,Weekday,Day,1
20201201,NSW,7,2020,Friday,12:30,Single,No,No,No,100,Driver,Female,73,Outer Regional Australia,New England and North West,Glen Innes Severn,National or State Highway,No,No,65_to_74,Weekday,Day,1
20202120,Vic,7,2020,Wednesday,22:50,Single,No,No,No,100,Passenger,Male,17,Inner Regional Australia,Shepparton,Moira (S),National or State Highway,No,No,17_to_25,Weekday,Night,1
20203031,Qld,6,2020,Sunday,4:00,Single,No,No,No,70,Passenger,Female,14,Outer Regional Australia,Townsville,Townsville (C),National or State Highway,No,No,0_to_16,Weekend,Night,1
20203215,Qld,6,2020,Sunday,15:00,Multiple,No,No,No,80,Driver,Male,37,Major Cities of Australia,Logan - Beaudesert,Logan (C),Collector Road,No,No,26_to_39,Weekend,Day,1
20203017,Qld,6,2020,Monday,5:00,Single,No,No,No,60,Pedestrian,Male,93,Major Cities of Australia,Moreton Bay - North,Moreton Bay (R),Local Road,No,No,75_or_older,Weekend,Night,1
20202119,Vic,5,2020,Sunday,4:40,Single,No,No,No,80,Driver,Male,56,Inner Regional Australia,Ballarat,Moorabool (S),Arterial Road,No,No,40_to_64,Weekend,Night,1
20203105,Qld,5,2020,Wednesday,13:00,Single,No,No,No,100,Driver,Male,35,Outer Regional Australia,Wide Bay,North Burnett (R),National or State Highway,No,No,26_to_39,Weekday,Day,1
20202013,Vic,5,2020,Wednesday,5:46,Single,No,No,No,100,Driver,Male,43,Inner Regional Australia,Shepparton,Campaspe (S),Sub-arterial Road,No,No,40_to_64,Weekday,Night,1
20203084,Qld,5,2020,Thursday,18:00,Single,No,No,No,100,Passenger,Male,36,Outer Regional Australia,Darling Downs - Maranoa,Western Downs (R),Sub-arterial Road,No,No,26_to_39,Weekday,Night,1
20208004,ACT,4,2020,Saturday,11:30,Multiple,No,No,No,80,Passenger,Male,28,Major Cities of Australia,Australian Capital Territory,Unincorporated ACT,Arterial Road,No,No,26_to_39,Weekend,Day,1
20201192,NSW,4,2020,Thursday,12:55,Multiple,No,No,Yes,90,Motorcycle rider,Male,55,Major Cities of Australia,Sydney - Parramatta,Parramatta,National or State Highway,No,No,40_to_64,Weekday,Day,1
20203089,Qld,4,2020,Thursday,8:00,Multiple,No,No,No,100,Driver,Male,23,Inner Regional Australia,Darling Downs - Maranoa,Southern Downs (R),Local Road,No,No,17_to_25,Weekday,Day,1
20203048,Qld,4,2020,Monday,6:00,Single,No,No,No,60,Pedestrian,Male,90,Inner Regional Australia,Sunshine Coast,Sunshine Coast (R),Sub-arterial Road,No,No,75_or_older,Weekday,Day,1
20204019,SA,3,2020,Sunday,9:50,Single,No,No,No,110,Passenger,Male,49,Inner Regional Australia,Barossa - Yorke - Mid North,Goyder (DC),Sub-arterial Road,No,No,40_to_64,Weekend,Day,1
20203155,Qld,3,2020,Thursday,11:00,Multiple,No,No,Yes,100,Driver,Male,29,Outer Regional Australia,Mackay - Isaac - Whitsunday,Isaac (R),National or State Highway,No,No,26_to_39,Weekday,Day,1
20202095,Vic,3,2020,Friday,19:20,Single,No,No,No,100,Driver,Female,34,Inner Regional Australia,Ballarat,Central Goldfields (S),Arterial Road,No,No,26_to_39,Weekend,Night,1
20204072,SA,3,2020,Tuesday,19:16,Multiple,No,No,No,100,Driver,Female,47,Inner Regional Australia,Adelaide - Central and Hills,Adelaide Hills (DC),Arterial Road,No,No,40_to_64,Weekday,Night,1
20206018,Tas,2,2020,Sunday,18:18,Single,No,No,No,100,Motorcycle rider,Male,49,Outer Regional Australia,West and North West,Central Coast (M) (Tas.),Sub-arterial Road,No,No,40_to_64,Weekend,Night,1
20202056,Vic,2,2020,Monday,9:11,Multiple,No,No,No,100,Driver,Female,18,Inner Regional Australia,Warrnambool and South West,Corangamite (S),Arterial Road,No,No,17_to_25,Weekday,Day,1
20206019,Tas,2,2020,Wednesday,5:30,Multiple,No,No,No,110,Driver,Male,65,Inner Regional Australia,Launceston and North East,Meander Valley (M),National or State Highway,No,No,65_to_74,Weekday,Night,1
20204009,SA,1,2020,Saturday,13:29,Multiple,No,No,No,100,Motorcycle rider,Male,27,Inner Regional Australia,South Australia - South East,Murray Bridge (RC),Sub-arterial Road,No,No,26_to_39,Weekend,Day,1
20206004,Tas,1,2020,Monday,17:15,Multiple,No,No,No,100,Driver,Male,59,Outer Regional Australia,South East,Huon Valley (M),National or State Highway,No,No,40_to_64,Weekday,Day,1
20201181,NSW,1,2020,Monday,19:20,Multiple,No,No,No,50,Pedal cyclist,Male,51,Inner Regional Australia,Southern Highlands and Shoalhaven,Shoalhaven,Local Road,No,No,40_to_64,Weekday,Night,1
20202096,Vic,1,2020,Tuesday,22:00,Single,No,No,No,100,Pedestrian,Male,52,Inner Regional Australia,Latrobe - Gippsland,Bass Coast (S),Arterial Road,No,No,40_to_64,Weekday,Night,1
20192041,Vic,12,2019,Sunday,12:18,Multiple,No,No,Yes,80,Passenger,Female,37,Inner Regional Australia,Ballarat,Hepburn (S),Sub-arterial Road,Yes,No,26_to_39,Weekend,Day,1
20191155,NSW,12,2019,Saturday,22:30,Single,No,No,No,80,Driver,Male,47,Inner Regional Australia,Mid North Coast,Kempsey,Local Road,No,No,40_to_64,Weekend,Night,1
20197012,NT,12,2019,Monday,6:12,Single,No,No,No,130,Driver,Male,26,Remote Australia,Northern Territory - Outback,West Arnhem (R),Arterial Road,No,No,26_to_39,Weekday,Day,1
20193097,Qld,12,2019,Thursday,0:00,Single,No,No,No,100,Driver,Male,22,Very Remote Australia,Queensland - Outback,Etheridge (S),Sub-arterial Road,No,No,17_to_25,Weekday,Night,1
20192017,Vic,12,2019,Monday,20:12,Single,No,No,No,80,Driver,Male,62,Inner Regional Australia,Melbourne - North East,Murrindindi (S),Local Road,No,No,40_to_64,Weekday,Night,1
20191126,NSW,11,2019,Sunday,23:45,Single,No,No,No,100,Driver,Male,18,Outer Regional Australia,Central West,Cabonne,Arterial Road,No,No,17_to_25,Weekend,Night,1
20195049,WA,11,2019,Wednesday,14:38,Single,No,No,No,70,Driver,Male,21,Major Cities of Australia,Perth - North West,Wanneroo (C),Arterial Road,No,No,17_to_25,Weekday,Day,1
20191199,NSW,11,2019,Wednesday,17:10,Multiple,No,No,No,60,Driver,Female,63,Major Cities of Australia,Sydney - Ryde,Parramatta,Arterial Road,No,No,40_to_64,Weekday,Day,1
20195110,WA,11,2019,Thursday,12:30,Single,No,No,No,50,Driver,Male,88,Inner Regional Australia,Bunbury,Augusta-Margaret River (S),Local Road,No,No,75_or_older,Weekday,Day,1
20197002,NT,10,2019,Thursday,0:05,Single,No,No,No,70,Driver,Male,24,Outer Regional Australia,Darwin,Litchfield (M),Sub-arterial Road,No,No,17_to_25,Weekday,Night,1
20192169,Vic,10,2019,Sunday,15:59,Multiple,No,No,No,80,Motorcycle rider,Male,67,Major Cities of Australia,Melbourne - South East,Casey (C),Arterial Road,No,No,65_to_74,Weekend,Day,1
20195144,WA,10,2019,Tuesday,17:29,Single,No,No,No,110,Passenger,Female,28,Very Remote Australia,Western Australia - Outback (North),Ashburton (S),National or State Highway,No,No,26_to_39,Weekday,Day,1
20193060,Qld,10,2019,Tuesday,9:00,Multiple,No,Yes,No,100,Driver,Male,69,Inner Regional Australia,Wide Bay,Bundaberg (R),National or State Highway,No,No,65_to_74,Weekday,Day,1
20191311,NSW,10,2019,Thursday,12:00,Single,No,No,No,60,Pedestrian,Male,21,Major Cities of Australia,Sydney - South West,Camden,Sub-arterial Road,No,No,17_to_25,Weekday,Day,1
20192139,Vic,9,2019,Saturday,12:55,Single,No,No,No,50,Passenger,Female,32,Major Cities of Australia,Melbourne - West,Brimbank (C),Local Road,No,No,26_to_39,Weekend,Day,1
20191195,NSW,9,2019,Monday,15:25,Multiple,No,No,No,100,Motorcycle rider,Male,39,Inner Regional Australia,Richmond - Tweed,Tweed,Arterial Road,No,No,26_to_39,Weekday,Day,1
20191258,NSW,9,2019,Friday,10:15,Single,No,No,No,50,Driver,Female,51,Inner Regional Australia,Southern Highlands and Shoalhaven,Shoalhaven,Local Road,No,No,40_to_64,Weekday,Day,1
20191177,NSW,9,2019,Wednesday,4:50,Multiple,No,No,Yes,100,Driver,Male,36,Outer Regional Australia,Mid North Coast,Nambucca,Local Road,No,No,26_to_39,Weekday,Night,1
20192088,Vic,8,2019,Wednesday,21:20,Single,No,No,No,80,Driver,Male,22,Major Cities of Australia,Melbourne - North West,Hume (C),Arterial Road,No,No,17_to_25,Weekday,Night,1
20191114,NSW,8,2019,Friday,18:30,Single,No,No,No,110,Driver,Male,32,Outer Regional Australia,Riverina,Murrumbidgee,National or State Highway,No,No,26_to_39,Weekend,Night,1
20191096,NSW,8,2019,Tuesday,8:30,Multiple,Yes,No,No,50,Pedal cyclist,Male,17,Major Cities of Australia,Hunter Valley exc Newcastle,Port Stephens,Local Road,No,No,17_to_25,Weekday,Day,1
20193010,Qld,8,2019,Monday,9:00,Single,No,No,No,80,Motorcycle rider,Male,66,Inner Regional Australia,Moreton Bay - North,Moreton Bay (R),Sub-arterial Road,No,No,65_to_74,Weekday,Day,1
20192176,Vic,8,2019,Saturday,22:47,Single,No,No,No,70,Pedestrian,Male,47,Major Cities of Australia,Melbourne - West,Maribyrnong (C),National or State Highway,No,No,40_to_64,Weekend,Night,1
20192084,Vic,7,2019,Saturday,16:00,Single,No,No,No,60,Motorcycle rider,Male,25,Major Cities of Australia,Melbourne - West,Wyndham (C),Arterial Road,No,No,17_to_25,Weekend,Day,1
20193191,Qld,7,2019,Monday,15:00,Single,No,No,No,100,Passenger,Male,16,Inner Regional Australia,Central Queensland,Rockhampton (R),Local Road,No,No,0_to_16,Weekday,Day,1
20192133,Vic,7,2019,Wednesday,6:40,Multiple,No,No,No,80,Pedal cyclist,Male,49,Major Cities of Australia,Melbourne - West,Brimbank (C),Collector Road,No,No,40_to_64,Weekday,Day,1
20191319,NSW,7,2019,Thursday,18:50,Multiple,No,No,No,60,Driver,Male,80,Major Cities of Australia,Sydney - Inner South West,Canterbury-Bankstown,Arterial Road,No,No,75_or_older,Weekday,Night,1
20195091,WA,6,2019,Wednesday,0:30,Single,No,No,Yes,110,Passenger,Male,47,Inner Regional Australia,Perth - North East,Mundaring (S),National or State Highway,No,No,40_to_64,Weekday,Night,1
20193105,Qld,6,2019,Saturday,11:00,Single,No,No,No,110,Driver,Male,79,Remote Australia,Darling Downs - Maranoa,Maranoa (R),National or State Highway,No,No,75_or_older,Weekend,Day,1
20193122,Qld,6,2019,Thursday,3:00,Single,No,No,No,100,Driver,Male,29,Outer Regional Australia,Central Queensland,Livingstone (S),Sub-arterial Road,No,No,26_to_39,Weekday,Night,1
20192027,Vic,6,2019,Saturday,23:20,Single,No,No,No,100,Pedestrian,Male,39,Inner Regional Australia,Hume,Alpine (S),Arterial Road,No,No,26_to_39,Weekend,Night,1
20196020,Tas,5,2019,Sunday,18:05,Multiple,No,No,Yes,100,Driver,Male,43,Outer Regional Australia,Launceston and North East,Launceston (C),National or State Highway,No,No,40_to_64,Weekend,Night,1
20193141,Qld,5,2019,Saturday,1:00,Single,No,No,No,80,Motorcycle rider,Male,32,Major Cities of Australia,Logan - Beaudesert,Logan (C),Sub-arterial Road,No,No,26_to_39,Weekend,Night,1
20193138,Qld,5,2019,Tuesday,8:00,Single,No,No,No,100,Driver,Male,24,Inner Regional Australia,Darling Downs - Maranoa,Toowoomba (R),Local Road,No,No,17_to_25,Weekday,Day,1
20193091,Qld,5,2019,Wednesday,11:00,Multiple,No,No,Yes,100,Driver,Male,62,Inner Regional Australia,Wide Bay,South Burnett (R),Local Road,No,No,40_to_64,Weekday,Day,1
20191193,NSW,5,2019,Monday,22:40,Multiple,No,Yes,Yes,110,Driver,Male,46,Major Cities of Australia,Sydney - North Sydney and Hornsby,Hornsby,National or State Highway,No,No,40_to_64,Weekday,Night,1
20195013,WA,4,2019,Sunday,1:18,Single,No,No,No,100,Passenger,Female,48,Major Cities of Australia,Perth - North East,Swan (C),National or State Highway,No,No,40_to_64,Weekend,Night,1
20195014,WA,4,2019,Saturday,11:35,Multiple,No,No,No,110,Motorcycle rider,Male,58,Inner Regional Australia,Bunbury,Donnybrook-Balingup (S),Local Road,No,No,40_to_64,Weekend,Day,1
20191245,NSW,4,2019,Thursday,6:09,Single,No,No,No,100,Driver,Male,39,Outer Regional Australia,Central West,Mid-Western Regional,National or State Highway,No,No,26_to_39,Weekday,Day,1
20194011,SA,4,2019,Friday,15:07,Single,No,No,No,10,Driver,Male,90,Outer Regional Australia,South Australia - Outback,Port Augusta (C),Collector Road,No,No,75_or_older,Weekday,Day,1
20192099,Vic,4,2019,Monday,5:07,Single,No,No,No,80,Pedestrian,Male,43,Major Cities of Australia,Melbourne - South East,Casey (C),National or State Highway,No,No,40_to_64,Weekend,Night,1
20192188,Vic,3,2019,Friday,1:10,Single,No,No,No,80,Driver,Female,15,Major Cities of Australia,Melbourne - North East,Whittlesea (C),Arterial Road,No,No,0_to_16,Weekday,Night,1
20191220,NSW,3,2019,Sunday,8:45,Multiple,No,No,Yes,60,Pedal cyclist,Male,62,Major Cities of Australia,Newcastle and Lake Macquarie,Newcastle,Local Road,No,No,40_to_64,Weekend,Day,1
20193109,Qld,3,2019,Monday,14:00,Single,No,No,No,100,Passenger,Male,6,Inner Regional Australia,Ipswich,Ipswich (C),Local Road,No,No,0_to_16,Weekday,Day,1
20195033,WA,3,2019,Friday,17:21,Single,No,No,No,110,Driver,Male,56,Outer Regional Australia,Western Australia - Wheat Belt,Victoria Plains (S),Arterial Road,No,No,40_to_64,Weekday,Day,1
20191022,NSW,3,2019,Tuesday,20:00,Multiple,No,No,No,60,Passenger,Female,62,Major Cities of Australia,Sydney - Inner South West,Georges River,Arterial Road,No,No,40_to_64,Weekday,Night,1
20196006,Tas,2,2019,Tuesday,5:04,Multiple,No,Yes,No,110,Driver,Female,27,Outer Regional Australia,Launceston and North East,Northern Midlands (M),National or State Highway,No,No,26_to_39,Weekday,Night,1
20191042,NSW,2,2019,Saturday,8:15,Multiple,No,Yes,No,110,Pedal cyclist,Male,49,Major Cities of Australia,Capital Region,Queanbeyan-Palerang Regional,National or State Highway,No,No,40_to_64,Weekend,Day,1
20191151,NSW,2,2019,Wednesday,6:00,Single,No,No,Yes,110,Driver,Male,39,Outer Regional Australia,Coffs Harbour - Grafton,Bellingen,National or State Highway,No,No,26_to_39,Weekday,Day,1
20196028,Tas,2,2019,Tuesday,15:24,Single,No,No,No,80,Motorcycle rider,Male,83,Outer Regional Australia,West and North West,Latrobe (M) (Tas.),Arterial Road,No,No,75_or_older,Weekday,Day,1
20191152,NSW,2,2019,Tuesday,12:55,Single,No,No,No,50,Pedestrian,Male,86,Major Cities of Australia,Richmond - Tweed,Tweed,Local Road,No,No,75_or_older,Weekday,Day,1
20195154,WA,1,2019,Monday,19:15,Single,No,No,No,40,Passenger,Female,75,Major Cities of Australia,Perth - South West,Fremantle (C),Local Road,No,No,75_or_older,Weekday,Night,1
20193167,Qld,1,2019,Friday,18:00,Single,No,No,No,80,Driver,Male,55,Inner Regional Australia,Wide Bay,Bundaberg (R),Local Road,No,No,40_to_64,Weekend,Night,1
20191270,NSW,1,2019,Tuesday,12:30,Single,No,Yes,No,100,Driver,Male,28,Outer Regional Australia,Mid North Coast,Port Macquarie-Hastings,National or State Highway,No,No,26_to_39,Weekday,Day,1
20195130,WA,1,2019,Friday,16:27,Multiple,No,No,No,100,Driver,Male,44,Inner Regional Australia,Western Australia - Wheat Belt,Northam (S),National or State Highway,No,No,40_to_64,Weekday,Day,1
20192066,Vic,1,2019,Monday,12:50,Multiple,No,No,No,100,Passenger,Female,77,Inner Regional Australia,Geelong,Golden Plains (S),Local Road,No,No,75_or_older,Weekday,Day,1
20185100,WA,12,2018,Friday,21:40,Single,No,No,No,110,Driver,Male,28,Inner Regional Australia,Bunbury,Waroona (S),National or State Highway,No,No,26_to_39,Weekend,Night,1
20183159,Qld,12,2018,Saturday,11:00,Multiple,No,No,No,100,Driver,Male,21,Outer Regional Australia,Central Queensland,Gladstone (R),Collector Road,Yes,No,17_to_25,Weekend,Day,1
20184024,SA,12,2018,Thursday,11:35,Multiple,No,No,Yes,110,Driver,Female,76,Outer Regional Australia,Barossa - Yorke - Mid North,Wakefield (DC),Local Road,Yes,No,75_or_older,Weekday,Day,1
20183154,Qld,12,2018,Monday,8:00,Single,No,No,Yes,100,Driver,Male,45,Remote Australia,Mackay - Isaac - Whitsunday,Whitsunday (R),Local Road,No,No,40_to_64,Weekday,Day,1
20182019,Vic,12,2018,Wednesday,19:36,Single,Yes,No,No,80,Pedestrian,Male,39,Major Cities of Australia,Melbourne - Outer East,Knox (C),National or State Highway,No,No,26_to_39,Weekday,Night,1
20185104,WA,11,2018,Sunday,0:08,Multiple,No,No,No,100,Driver,Male,44,Inner Regional Australia,Mandurah,Murray (S),National or State Highway,No,No,40_to_64,Weekend,Night,1
20184048,SA,11,2018,Sunday,11:45,Single,No,No,No,100,Motorcycle rider,Male,63,Outer Regional Australia,South Australia - South East,Wattle Range (DC),Collector Road,No,No,40_to_64,Weekend,Day,1
20185001,WA,11,2018,Wednesday,6:00,Single,No,No,No,110,Driver,Female,19,Remote Australia,Western Australia - Outback (South),Greater Geraldton (C),Local Road,No,No,17_to_25,Weekday,Day,1
20182040,Vic,11,2018,Wednesday,17:40,Single,No,No,No,100,Motorcycle rider,Male,26,Inner Regional Australia,Latrobe - Gippsland,Latrobe (C) (Vic.),Access road,No,No,26_to_39,Weekday,Day,1
20183020,Qld,11,2018,Friday,19:00,Single,No,No,No,80,Driver,Male,60,Inner Regional Australia,Gold Coast,Gold Coast (C),Local Road,No,No,40_to_64,Weekend,Night,1
20187017,NT,10,2018,Thursday,21:30,Single,No,No,No,110,Passenger,Male,45,Remote Australia,Northern Territory - Outback,West Arnhem (R),Arterial Road,No,No,40_to_64,Weekday,Night,1
20182186,Vic,10,2018,Friday,17:45,Single,No,No,No,60,Other/-9,Female,86,Major Cities of Australia,Melbourne - Inner,Moonee Valley (C),Collector Road,No,No,75_or_older,Weekday,Day,1
20182164,Vic,10,2018,Wednesday,14:45,Multiple,No,No,No,80,Driver,Male,42,Major Cities of Australia,Melbourne - North West,Hume (C),National or State Highway,No,No,40_to_64,Weekday,Day,1
20182080,Vic,9,2018,Saturday,22:49,Single,No,No,No,80,Driver,Male,20,Inner Regional Australia,Mornington Peninsula,Mornington Peninsula (S),Arterial Road,No,No,17_to_25,Weekend,Night,1
20186002,Tas,9,2018,Friday,1:54,Multiple,No,No,No,60,Driver,Male,48,Inner Regional Australia,Launceston and North East,Launceston (C),Collector Road,No,No,40_to_64,Weekday,Night,1
20185028,WA,9,2018,Sunday,10:20,Multiple,No,No,No,110,Motorcycle rider,Male,74,Remote Australia,Western Australia - Outback (South),Carnamah (S),National or State Highway,No,No,65_to_74,Weekend,Day,1
20185062,WA,9,2018,Monday,16:34,Multiple,No,Yes,No,90,Driver,Female,21,Major Cities of Australia,Perth - South East,Serpentine-Jarrahdale (S),National or State Highway,No,No,17_to_25,Weekday,Day,1
20183211,Qld,9,2018,Friday,13:00,Multiple,No,No,No,100,Driver,Male,52,Inner Regional Australia,Wide Bay,Bundaberg (R),Local Road,No,No,40_to_64,Weekday,Day,1
20181055,NSW,8,2018,Saturday,18:20,Multiple,No,No,No,100,Passenger,Male,22,Inner Regional Australia,Hunter Valley exc Newcastle,Muswellbrook,Local Road,No,No,17_to_25,Weekend,Night,1
20181183,NSW,8,2018,Monday,19:20,Multiple,No,No,No,80,Driver,Female,24,Major Cities of Australia,Sydney - Blacktown,Blacktown,Collector Road,No,No,17_to_25,Weekday,Night,1
20185003,WA,8,2018,Monday,13:50,Multiple,No,No,No,70,Passenger,Female,88,Major Cities of Australia,Perth - North East,Swan (C),Arterial Road,No,No,75_or_older,Weekday,Day,1
20186023,Tas,8,2018,Friday,10:00,Multiple,No,Yes,No,100,Driver,Male,56,Outer Regional Australia,Launceston and North East,West Tamar (M),Arterial Road,No,No,40_to_64,Weekday,Day,1
20181318,NSW,8,2018,Monday,11:12,Single,No,No,No,70,Pedestrian,Male,82,Major Cities of Australia,Sydney - Inner South West,Georges River,National or State Highway,No,No,75_or_older,Weekday,Day,1
20183175,Qld,7,2018,Sunday,20:00,Single,No,No,No,100,Passenger,Male,25,Outer Regional Australia,Townsville,Townsville (C),National or State Highway,No,No,17_to_25,Weekend,Night,1
20188003,ACT,7,2018,Saturday,9:30,Multiple,No,Yes,No,80,Passenger,Male,4,Major Cities of Australia,Australian Capital Territory,Unincorporated ACT,National or State Highway,No,No,0_to_16,Weekend,Day,1
20185058,WA,7,2018,Thursday,8:43,Multiple,No,No,No,60,Motorcycle rider,Female,26,Major Cities of Australia,Perth - North West,Wanneroo (C),National or State Highway,No,No,26_to_39,Weekday,Day,1
20181131,NSW,7,2018,Thursday,17:10,Multiple,No,No,No,60,Driver,Male,73,Major Cities of Australia,Sydney - Parramatta,Cumberland,Collector Road,No,No,65_to_74,Weekday,Day,1
20183113,Qld,6,2018,Thursday,4:00,Single,No,No,No,100,Driver,Male,19,Outer Regional Australia,Central Queensland,Rockhampton (R),National or State Highway,No,No,17_to_25,Weekday,Night,1
20181268,NSW,6,2018,Wednesday,17:35,Multiple,No,No,No,90,Driver,Male,22,Inner Regional Australia,Mid North Coast,Mid-Coast,Arterial Road,No,No,17_to_25,Weekday,Day,1
20181274,NSW,6,2018,Wednesday,12:57,Single,No,No,No,100,Motorcycle rider,Male,71,Inner Regional Australia,Capital Region,Upper Lachlan,Arterial Road,No,No,65_to_74,Weekday,Day,1
20185128,WA,6,2018,Wednesday,11:26,Multiple,No,No,No,60,Driver,Female,91,Major Cities of Australia,Perth - Inner,Cambridge (T),Arterial Road,No,No,75_or_older,Weekday,Day,1
20182001,Vic,5,2018,Wednesday,21:00,Single,No,No,No,100,Driver,Male,30,Inner Regional Australia,Bendigo,Greater Bendigo (C),Local Road,No,No,26_to_39,Weekday,Night,1
20182175,Vic,5,2018,Thursday,11:40,Multiple,No,No,No,60,Driver,Male,83,Inner Regional Australia,Latrobe - Gippsland,Wellington (S),Local Road,No,No,75_or_older,Weekday,Day,1
20181134,NSW,5,2018,Tuesday,7:50,Multiple,No,Yes,No,60,Driver,Female,43,Inner Regional Australia,Coffs Harbour - Grafton,Coffs Harbour,Sub-arterial Road,No,No,40_to_64,Weekday,Day,1
20181080,NSW,5,2018,Monday,7:55,Single,No,Yes,No,40,Pedestrian,Male,31,Major Cities of Australia,Sydney - City and Inner South,Sydney,Access road,No,No,26_to_39,Weekday,Day,1
20182011,Vic,4,2018,Saturday,1:11,Multiple,No,No,No,80,Passenger,Male,38,Major Cities of Australia,Melbourne - Outer East,Knox (C),Arterial Road,No,No,26_to_39,Weekend,Night,1
20187020,NT,4,2018,Saturday,9:04,Single,No,No,No,110,Driver,Male,28,Very Remote Australia,Northern Territory - Outback,Barkly (R),Access road,No,No,26_to_39,Weekend,Day,1
20182052,Vic,4,2018,Wednesday,10:15,Multiple,No,No,No,100,Motorcycle rider,Male,51,Inner Regional Australia,Warrnambool and South West,Colac-Otway (S),Sub-arterial Road,No,No,40_to_64,Weekday,Day,1
20181081,NSW,4,2018,Friday,7:39,Single,No,No,No,50,Pedestrian,Male,79,Major Cities of Australia,Sydney - Inner South West,Georges River,Local Road,No,No,75_or_older,Weekday,Day,1
20181034,NSW,3,2018,Friday,18:55,Multiple,No,No,Yes,50,Driver,Male,87,Inner Regional Australia,Richmond - Tweed,Richmond Valley,National or State Highway,No,No,75_or_older,Weekend,Night,1
20187018,NT,3,2018,Saturday,12:40,Single,No,No,No,110,Other/-9,Female,28,Remote Australia,Northern Territory - Outback,West Arnhem (R),Arterial Road,No,Yes,26_to_39,Weekend,Day,1
20186013,Tas,3,2018,Thursday,15:05,Single,No,No,No,40,Motorcycle rider,Male,25,Outer Regional Australia,West and North West,Circular Head (M),Local Road,No,No,17_to_25,Weekday,Day,1
20181251,NSW,3,2018,Friday,16:50,Multiple,No,No,Yes,110,Driver,Male,46,Inner Regional Australia,Central Coast,Central Coast,National or State Highway,No,No,40_to_64,Weekday,Day,1
20182091,Vic,3,2018,Friday,14:00,Single,No,No,No,60,Pedestrian,Male,81,Major Cities of Australia,Melbourne - North East,Nillumbik (S),Arterial Road,No,No,75_or_older,Weekday,Day,1
20181200,NSW,2,2018,Sunday,4:20,Single,No,No,No,100,Driver,Male,19,Outer Regional Australia,Central West,Forbes,Arterial Road,No,No,17_to_25,Weekend,Night,1
20183118,Qld,2,2018,Saturday,7:00,Single,No,No,No,80,Passenger,Female,37,Very Remote Australia,Queensland - Outback,Cook (S),Local Road,No,No,26_to_39,Weekend,Day,1
20183187,Qld,2,2018,Thursday,6:00,Multiple,No,No,No,80,Driver,Male,28,Major Cities of Australia,Brisbane - South,Brisbane (C),Sub-arterial Road,No,No,26_to_39,Weekday,Day,1
20181118,NSW,2,2018,Friday,19:55,Single,No,No,No,50,Pedestrian,Male,18,Major Cities of Australia,Sydney - North Sydney and Hornsby,Hornsby,Local Road,No,No,17_to_25,Weekend,Night,1
20181004,NSW,1,2018,Saturday,14:15,Single,No,No,No,100,Driver,Male,39,Outer Regional Australia,Far West and Orana,Warrumbungle,Sub-arterial Road,No,No,26_to_39,Weekend,Day,1
20181262,NSW,1,2018,Tuesday,12:30,Multiple,No,No,Yes,110,Driver,Female,19,Outer Regional Australia,Far West and Orana,Dubbo Regional,National or State Highway,No,No,17_to_25,Weekday,Day,1
20181195,NSW,1,2018,Monday,14:15,Multiple,No,Yes,Yes,100,Driver,Male,48,Outer Regional Australia,Coffs Harbour - Grafton,Clarence Valley,National or State Highway,No,No,40_to_64,Weekday,Day,1
20181218,NSW,1,2018,Friday,21:27,Single,No,No,No,50,Pedestrian,Male,43,Major Cities of Australia,Sydney - Baulkham Hills and Hawkesbury,The Hills,Local Road,No,No,40_to_64,Weekend,Night,1
20171203,NSW,12,2017,Sunday,20:55,Multiple,No,No,No,50,Motorcycle rider,Male,22,Major Cities of Australia,Sydney - Inner South West,Bayside,Collector Road,No,No,17_to_25,Weekend,Night,1
20172093,Vic,12,2017,Thursday,0:25,Multiple,No,No,No,60,Driver,Male,41,Major Cities of Australia,Melbourne - North East,Darebin (C),Sub-arterial Road,No,No,40_to_64,Weekday,Night,1
20172195,Vic,12,2017,Sunday,19:34,Multiple,No,No,No,70,Driver,Male,35,Major Cities of Australia,Melbourne - West,Wyndham (C),Sub-arterial Road,Yes,No,26_to_39,Weekend,Night,1
20172120,Vic,12,2017,Tuesday,10:50,Multiple,No,No,No,100,Driver,Male,52,Inner Regional Australia,Warrnambool and South West,Colac-Otway (S),Sub-arterial Road,Yes,No,40_to_64,Weekday,Day,1
20175151,WA,12,2017,Friday,11:50,Single,No,No,No,50,Pedestrian,Female,93,Major Cities of Australia,Perth - South East,Kalamunda (C),Local Road,No,No,75_or_older,Weekday,Day,1
20175142,WA,12,2017,Tuesday,15:25,Multiple,No,No,No,100,Driver,Female,81,Major Cities of Australia,Perth - North West,Joondalup (C),National or State Highway,Yes,No,75_or_older,Weekday,Day,1
20175078,WA,11,2017,Friday,4:04,Multiple,No,Yes,Yes,90,Driver,Male,34,Inner Regional Australia,Mandurah,Murray (S),Arterial Road,No,No,26_to_39,Weekday,Night,1
20177020,NT,11,2017,Sunday,14:00,Single,No,No,No,80,Motorcycle rider,Male,59,Outer Regional Australia,Darwin,Litchfield (M),Local Road,No,No,40_to_64,Weekend,Day,1
20172132,Vic,11,2017,Wednesday,14:50,Multiple,No,No,Yes,100,Driver,Female,35,Outer Regional Australia,Warrnambool and South West,Glenelg (S),Arterial Road,No,No,26_to_39,Weekday,Day,1
20171315,NSW,10,2017,Tuesday,15:10,Multiple,No,Yes,No,100,Driver,Male,29,Inner Regional Australia,New England and North West,Tamworth Regional,National or State Highway,No,No,26_to_39,Weekday,Day,1
20174049,SA,10,2017,Sunday,21:20,Single,No,No,No,60,Pedestrian,Male,47,Major Cities of Australia,Adelaide - Central and Hills,Prospect (C),Arterial Road,No,No,40_to_64,Weekend,Night,1
20171199,NSW,9,2017,Saturday,2:40,Single,No,No,No,50,Passenger,Female,22,Major Cities of Australia,Sydney - City and Inner South,Sydney,Collector Road,No,No,17_to_25,Weekend,Night,1
20171164,NSW,9,2017,Wednesday,5:03,Multiple,No,No,Yes,110,Passenger,Male,40,Inner Regional Australia,Southern Highlands and Shoalhaven,Wingecarribee,National or State Highway,No,No,40_to_64,Weekday,Night,1
20171179,NSW,9,2017,Monday,7:40,Single,No,No,No,80,Driver,Female,77,Inner Regional Australia,Coffs Harbour - Grafton,Clarence Valley,National or State Highway,No,No,75_or_older,Weekday,Day,1
20172215,Vic,9,2017,Monday,17:50,Multiple,No,No,Yes,100,Driver,Male,44,Inner Regional Australia,Warrnambool and South West,Colac-Otway (S),National or State Highway,No,No,40_to_64,Weekday,Day,1
20171272,NSW,9,2017,Thursday,9:54,Single,No,No,No,40,Pedestrian,Female,78,Major Cities of Australia,Illawarra,Shellharbour,Collector Road,No,No,75_or_older,Weekday,Day,1
20172109,Vic,8,2017,Friday,18:30,Multiple,No,No,No,60,Passenger,Female,87,Major Cities of Australia,Melbourne - North East,Darebin (C),Sub-arterial Road,No,No,75_or_older,Weekend,Night,1
20171319,NSW,8,2017,Saturday,11:01,Single,No,No,No,90,Driver,Male,24,Major Cities of Australia,Central Coast,Central Coast,Arterial Road,No,No,17_to_25,Weekend,Day,1
20171161,NSW,8,2017,Monday,8:55,Single,No,No,No,100,Driver,Female,75,Outer Regional Australia,Mid North Coast,Kempsey,Arterial Road,No,No,75_or_older,Weekday,Day,1
20171252,NSW,8,2017,Friday,14:43,Multiple,No,Yes,No,100,Driver,Male,47,Outer Regional Australia,Far West and Orana,Dubbo Regional,National or State Highway,No,No,40_to_64,Weekday,Day,1
20171142,NSW,8,2017,Wednesday,13:35,Multiple,No,No,Yes,110,Driver,Female,65,Remote Australia,Riverina,Carrathool,National or State Highway,No,No,65_to_74,Weekday,Day,1
20174066,SA,7,2017,Friday,23:20,Single,No,No,No,50,Driver,Male,18,Inner Regional Australia,Barossa - Yorke - Mid North,Light (RegC),Local Road,No,No,17_to_25,Weekend,Night,1
20171229,NSW,7,2017,Monday,7:20,Multiple,No,Yes,No,100,Driver,Male,34,Inner Regional Australia,Southern Highlands and Shoalhaven,Shoalhaven,Sub-arterial Road,No,No,26_to_39,Weekday,Day,1
20172005,Vic,7,2017,Friday,22:44,Single,No,No,No,60,Pedestrian,Male,58,Major Cities of Australia,Melbourne - North East,Banyule (C),Arterial Road,No,No,40_to_64,Weekend,Night,1
20171125,NSW,7,2017,Thursday,4:00,Single,No,Yes,No,80,Driver,Male,32,Outer Regional Australia,Mid North Coast,Mid-Coast,Sub-arterial Road,No,No,26_to_39,Weekday,Night,1
20174010,SA,6,2017,Thursday,0:40,Single,No,No,No,110,Driver,Male,26,Outer Regional Australia,Barossa - Yorke - Mid North,Wakefield (DC),National or State Highway,No,No,26_to_39,Weekday,Night,1
20171262,NSW,6,2017,Wednesday,12:00,Single,No,No,No,100,Driver,Male,80,Inner Regional Australia,Central West,Bathurst Regional,Arterial Road,No,No,75_or_older,Weekday,Day,1
20175061,WA,6,2017,Thursday,13:45,Single,No,No,No,110,Passenger,Male,47,Very Remote Australia,Western Australia - Outback (North),Broome (S),Local Road,No,No,40_to_64,Weekday,Day,1
20178004,ACT,5,2017,Wednesday,11:55,Multiple,No,No,No,80,Driver,Male,91,Major Cities of Australia,Australian Capital Territory,Unincorporated ACT,Collector Road,No,No,75_or_older,Weekday,Day,1
20172074,Vic,5,2017,Friday,13:20,Multiple,No,No,No,50,Motorcycle rider,Male,49,Major Cities of Australia,Melbourne - Outer East,Yarra Ranges (S),Local Road,No,No,40_to_64,Weekday,Day,1
20171221,NSW,5,2017,Sunday,5:50,Single,No,No,No,100,Pedestrian,Male,20,Outer Regional Australia,Central West,Forbes,Arterial Road,No,No,17_to_25,Weekend,Night,1
20175092,WA,4,2017,Saturday,20:19,Single,No,No,No,70,Driver,Female,22,Inner Regional Australia,Western Australia - Wheat Belt,Gingin (S),Arterial Road,No,No,17_to_25,Weekend,Night,1
20172029,Vic,4,2017,Sunday,14:30,Single,No,No,No,80,Passenger,Male,19,Inner Regional Australia,Melbourne - Outer East,Yarra Ranges (S),Arterial Road,No,No,17_to_25,Weekend,Day,1
20171002,NSW,4,2017,Monday,13:30,Single,No,No,No,60,Passenger,Male,7,Major Cities of Australia,Richmond - Tweed,Tweed,Arterial Road,No,No,0_to_16,Weekday,Day,1
20174047,SA,4,2017,Wednesday,6:04,Multiple,No,No,No,110,Driver,Male,56,Inner Regional Australia,Adelaide - North,Mallala (DC),National or State Highway,No,No,40_to_64,Weekday,Day,1
20172165,Vic,4,2017,Friday,18:15,Multiple,No,No,No,70,Driver,Male,89,Major Cities of Australia,Mornington Peninsula,Frankston (C),Local Road,No,No,75_or_older,Weekend,Night,1
20172035,Vic,3,2017,Saturday,2:00,Single,No,No,No,60,Passenger,Male,22,Inner Regional Australia,Melbourne - West,Moorabool (S),Arterial Road,No,No,17_to_25,Weekend,Night,1
20175042,WA,3,2017,Sunday,14:43,Multiple,No,No,No,110,Driver,Female,25,Inner Regional Australia,Western Australia - Wheat Belt,Gingin (S),National or State Highway,No,No,17_to_25,Weekend,Day,1
20172221,Vic,3,2017,Friday,17:42,Multiple,No,No,Yes,60,Pedal cyclist,Female,35,Major Cities of Australia,Melbourne - West,Maribyrnong (C),Arterial Road,No,No,26_to_39,Weekday,Day,1
20171015,NSW,3,2017,Wednesday,7:30,Single,No,No,No,100,Passenger,Male,43,Inner Regional Australia,Mid North Coast,Mid-Coast,Arterial Road,No,No,40_to_64,Weekday,Day,1
20171033,NSW,3,2017,Wednesday,21:00,Single,No,No,No,80,Driver,Male,19,Inner Regional Australia,Hunter Valley exc Newcastle,Cessnock,Sub-arterial Road,No,No,17_to_25,Weekday,Night,1
20172055,Vic,2,2017,Friday,7:30,Single,No,No,No,100,Driver,Male,18,Inner Regional Australia,Shepparton,Campaspe (S),Arterial Road,No,No,17_to_25,Weekday,Day,1
20174056,SA,2,2017,Friday,16:15,Multiple,No,No,Yes,110,Driver,Male,49,Outer Regional Australia,South Australia - South East,Wattle Range (DC),Arterial Road,No,No,40_to_64,Weekday,Day,1
20172104,Vic,1,2017,Sunday,16:50,Multiple,No,No,No,100,Passenger,Female,38,Inner Regional Australia,Bendigo,Greater Bendigo (C),Arterial Road,No,No,26_to_39,Weekend,Day,1
20175062,WA,1,2017,Tuesday,15:21,Multiple,No,No,No,70,Motorcycle rider,Male,23,Major Cities of Australia,Perth - North West,Joondalup (C),Local Road,Yes,No,17_to_25,Weekday,Day,1
20171330,NSW,1,2017,Wednesday,11:55,Multiple,Yes,No,Yes,100,Passenger,Female,78,Major Cities of Australia,Illawarra,Wollongong,National or State Highway,No,No,75_or_older,Weekday,Day,1
20165158,WA,12,2016,Wednesday,14:30,Single,No,No,No,90,Driver,Male,40,Outer Regional Australia,Bunbury,Nannup (S),ARTERIAL ROAD,No,No,40_to_64,Weekday,Day,1
20167007,NT,12,2016,Friday,9:15,Single,No,No,No,130,Driver,Male,47,Remote Australia,Northern Territory - Outback,Unincorporated NT,National or State Highway,No,No,40_to_64,Weekday,Day,1
20161115,NSW,12,2016,Sunday,20:50,Single,No,No,No,50,Pedestrian,Female,66,Major Cities of Australia,Sydney - Parramatta,Cumberland,Local Road,No,No,65_to_74,Weekend,Night,1
20168008,ACT,11,2016,Sunday,11:55,Single,No,No,No,100,Motorcycle rider,Male,36,Inner Regional Australia,Australian Capital Territory,Unincorporated ACT,Collector Road,No,No,26_to_39,Weekend,Day,1
20161354,NSW,11,2016,Tuesday,9:45,Multiple,No,No,No,50,Driver,Male,22,Outer Regional Australia,Far West and Orana,Narromine,National or State Highway,No,No,17_to_25,Weekday,Day,1
20165136,WA,11,2016,Saturday,22:21,Multiple,No,No,No,80,Driver,Female,41,Major Cities of Australia,Perth - South West,Rockingham (C),ARTERIAL ROAD,No,No,40_to_64,Weekend,Night,1
20161336,NSW,10,2016,Saturday,23:00,Single,No,No,No,80,Passenger,Male,20,Inner Regional Australia,Hunter Valley exc Newcastle,Mid-Coast,Sub-arterial Road,No,No,17_to_25,Weekend,Night,1
20165167,WA,10,2016,Sunday,16:12,Single,No,No,No,110,Motorcycle pillion passenger,Female,10,Inner Regional Australia,Bunbury,Dardanup (S),LOCAL ROAD,No,No,0_to_16,Weekend,Day,1
20161238,NSW,10,2016,Tuesday,7:00,Multiple,No,No,No,70,Motorcycle rider,Male,56,Major Cities of Australia,Illawarra,Shellharbour,Collector Road,No,No,40_to_64,Weekday,Day,1
20166030,Tas,10,2016,Saturday,12:30,Single,No,No,No,80,Motorcycle rider,Male,16,Outer Regional Australia,West and North West,Kentish (M),Local Road,No,No,0_to_16,Weekend,Day,1
20161020,NSW,9,2016,Friday,5:55,Single,No,No,No,50,Driver,Male,36,Inner Regional Australia,Coffs Harbour - Grafton,Coffs Harbour,Local Road,No,No,26_to_39,Weekday,Night,1
20161173,NSW,9,2016,Monday,15:00,Multiple,No,No,No,60,Driver,Male,79,Major Cities of Australia,Sydney - Blacktown,Blacktown,Local Road,No,No,75_or_older,Weekday,Day,1
20165010,WA,9,2016,Wednesday,16:00,Single,No,No,No,100,Motorcycle rider,Female,41,Inner Regional Australia,Perth - South East,Serpentine-Jarrahdale (S),LOCAL ROAD,No,No,40_to_64,Weekday,Day,1
20165007,WA,9,2016,Saturday,19:31,Multiple,No,No,No,70,Passenger,Male,66,Major Cities of Australia,Perth - North West,Joondalup (C),LOCAL ROAD,No,No,65_to_74,Weekend,Night,1
20161176,NSW,8,2016,Sunday,1:00,Single,No,No,No,80,Driver,Female,30,Major Cities of Australia,Newcastle and Lake Macquarie,Newcastle,Arterial Road,No,No,26_to_39,Weekend,Night,1
20167024,NT,8,2016,Saturday,19:30,Single,No,No,No,110,Passenger,Female,44,Very Remote Australia,Northern Territory - Outback,MacDonnell (R),Sub-arterial Road,No,No,40_to_64,Weekend,Night,1
20168006,ACT,7,2016,Saturday,5:50,Single,No,No,No,100,Driver,Male,21,Inner Regional Australia,Australian Capital Territory,Unincorporated ACT,National or State Highway,No,No,17_to_25,Weekend,Night,1
20165046,WA,7,2016,Saturday,21:55,Single,No,No,No,80,Driver,Male,58,Major Cities of Australia,Perth - North East,Mundaring (S),ARTERIAL ROAD,No,No,40_to_64,Weekend,Night,1
20165084,WA,7,2016,Thursday,14:33,Multiple,No,No,Yes,50,Pedal cyclist,Male,12,Major Cities of Australia,Perth - North West,Wanneroo (C),LOCAL ROAD,No,No,0_to_16,Weekday,Day,1
20165017,WA,7,2016,Friday,10:30,Multiple,No,No,Yes,110,Driver,Male,43,Very Remote Australia,Western Australia - Outback (South),Cue (S),NATIONAL OR STATE HIGHWAY,No,No,40_to_64,Weekday,Day,1
20161007,NSW,6,2016,Saturday,21:00,Single,No,No,No,60,Passenger,Male,41,Inner Regional Australia,Mid North Coast,Port Macquarie-Hastings,Local Road,No,No,40_to_64,Weekend,Night,1
20161157,NSW,6,2016,Sunday,14:28,Multiple,No,No,No,80,Motorcycle rider,Male,55,Outer Regional Australia,Central West,Mid-Western Regional,Arterial Road,No,No,40_to_64,Weekend,Day,1
20165048,WA,6,2016,Thursday,13:06,Single,No,No,No,80,Driver,Male,38,Major Cities of Australia,Perth - South West,Rockingham (C),ARTERIAL ROAD,No,No,26_to_39,Weekday,Day,1
20161166,NSW,6,2016,Wednesday,14:25,Multiple,No,No,No,100,Driver,Male,76,Outer Regional Australia,Capital Region,Snowy Monaro Regional,Local Road,No,No,75_or_older,Weekday,Day,1
20165064,WA,6,2016,Thursday,0:01,Single,No,No,No,110,Driver,Male,26,Outer Regional Australia,Western Australia - Wheat Belt,Cuballing (S),LOCAL ROAD,No,No,26_to_39,Weekday,Night,1
20161301,NSW,5,2016,Sunday,12:50,Multiple,No,No,No,100,Motorcycle rider,Male,53,Outer Regional Australia,Capital Region,Bega Valley,Local Road,No,No,40_to_64,Weekend,Day,1
20161183,NSW,5,2016,Saturday,9:50,Multiple,No,No,No,80,Motorcycle rider,Male,36,Inner Regional Australia,Mid North Coast,Mid-Coast,Arterial Road,No,No,26_to_39,Weekend,Day,1
20167021,NT,4,2016,Saturday,2:30,Single,No,No,No,60,Motorcycle rider,Male,43,Outer Regional Australia,Darwin,Darwin (C),Arterial Road,No,No,40_to_64,Weekend,Night,1
20161295,NSW,4,2016,Monday,8:15,Multiple,No,No,No,100,Driver,Male,23,Inner Regional Australia,Capital Region,Hilltops,Arterial Road,No,No,17_to_25,Weekday,Day,1
20161006,NSW,4,2016,Tuesday,6:18,Multiple,No,No,Yes,100,Driver,Female,54,Major Cities of Australia,Sydney - South West,Fairfield,National or State Highway,No,No,40_to_64,Weekday,Day,1
20161073,NSW,4,2016,Tuesday,21:20,Multiple,No,No,No,40,Pedal cyclist,Male,79,Major Cities of Australia,Sydney - South West,Fairfield,Local Road,No,No,75_or_older,Weekday,Night,1
20165044,WA,3,2016,Sunday,21:00,Multiple,No,No,No,90,Passenger,Male,30,Inner Regional Australia,Perth - North West,Wanneroo (C),ARTERIAL ROAD,No,No,26_to_39,Weekend,Night,1
20165015,WA,3,2016,Sunday,11:30,Single,No,No,No,110,Passenger,Female,20,Remote Australia,Western Australia - Wheat Belt,Kondinin (S),NATIONAL OR STATE HIGHWAY,No,No,17_to_25,Weekend,Day,1
20165155,WA,3,2016,Tuesday,15:00,Multiple,No,No,No,60,Pedal cyclist,Male,43,Major Cities of Australia,Perth - South East,Gosnells (C),ARTERIAL ROAD,No,No,40_to_64,Weekday,Day,1
20161213,NSW,2,2016,Monday,15:37,Multiple,No,Yes,No,70,Driver,Male,17,Major Cities of Australia,Sydney - Outer West and Blue Mountains,Penrith,Arterial Road,No,No,17_to_25,Weekday,Day,1
20164073,SA,1,2016,Saturday,11:50,Multiple,No,No,No,80,Passenger,Female,90,Major Cities of Australia,Adelaide - South,Onkaparinga (C),Collector Road,No,No,75_or_older,Weekend,Day,1
20161229,NSW,1,2016,Tuesday,12:39,Multiple,No,No,No,100,Passenger,Male,88,Inner Regional Australia,Riverina,Wagga Wagga,Sub-arterial Road,No,No,75_or_older,Weekday,Day,1
20161229,NSW,1,2016,Tuesday,12:39,Multiple,No,No,No,100,Driver,Male,57,Inner Regional Australia,Riverina,Wagga Wagga,Sub-arterial Road,No,No,40_to_64,Weekday,Day,1
20151205,NSW,12,2015,Monday,2:30,Multiple,No,No,No,60,Driver,Male,60,Major Cities of Australia,Sydney - Blacktown,Blacktown,Collector Road,No,No,40_to_64,Weekend,Night,1
20151154,NSW,12,2015,Sunday,11:05,Single,No,No,No,100,Motorcycle rider,Female,59,Outer Regional Australia,Mid North Coast,Port Macquarie-Hastings,National or State Highway,No,No,40_to_64,Weekend,Day,1
20155080,WA,12,2015,Wednesday,14:45,Multiple,No,No,Yes,110,Driver,Male,37,Very Remote Australia,Western Australia - Outback (North),Port Hedland (T),NATIONAL OR STATE HIGHWAY,No,No,26_to_39,Weekday,Day,1
20157011,NT,12,2015,Thursday,22:30,Single,No,No,No,80,Pedestrian,Male,37,Outer Regional Australia,Darwin,Darwin (C),Arterial Road,Yes,No,26_to_39,Weekday,Night,1
20152023,Vic,12,2015,Thursday,19:57,Single,No,No,No,100,Passenger,Male,19,Inner Regional Australia,Geelong,Golden Plains (S),Sub-arterial Road,Yes,No,17_to_25,Weekday,Night,1
20152202,Vic,11,2015,Sunday,16:45,Multiple,No,No,Yes,100,Driver,Female,19,Outer Regional Australia,North West,Horsham (RC),National or State Highway,No,No,17_to_25,Weekend,Day,1
20151302,NSW,10,2015,Sunday,18:41,Single,No,No,No,60,Driver,Male,39,Inner Regional Australia,Central Coast,Central Coast,Arterial Road,No,No,26_to_39,Weekend,Night,1
20152215,Vic,10,2015,Thursday,0:05,Single,No,No,No,110,Passenger,Male,45,Inner Regional Australia,Hume,Wangaratta (RC),National or State Highway,No,No,40_to_64,Weekday,Night,1
20154056,SA,10,2015,Saturday,9:53,Multiple,No,No,No,50,Pedal cyclist,Male,59,Inner Regional Australia,Barossa - Yorke - Mid North,Barossa (DC),Local Road,No,No,40_to_64,Weekend,Day,1
20154041,SA,10,2015,Tuesday,12:30,Multiple,No,No,Yes,80,Driver,Male,17,Outer Regional Australia,South Australia - South East,Loxton Waikerie (DC),National or State Highway,No,No,17_to_25,Weekday,Day,1
20156026,Tas,10,2015,Monday,14:13,Multiple,No,Yes,No,100,Driver,Male,40,Outer Regional Australia,West and North West,Circular Head (M),National or State Highway,No,No,40_to_64,Weekday,Day,1
20154032,SA,10,2015,Monday,16:06,Single,No,No,No,40,Pedestrian,Female,62,Major Cities of Australia,Adelaide - North,Tea Tree Gully (C),Local Road,No,No,40_to_64,Weekday,Day,1
20151233,NSW,9,2015,Wednesday,12:30,Multiple,No,No,No,60,Driver,Male,84,Major Cities of Australia,Central Coast,Central Coast,Arterial Road,No,No,75_or_older,Weekday,Day,1
20151046,NSW,9,2015,Monday,14:00,Single,No,No,No,60,Passenger,Female,72,Major Cities of Australia,Newcastle and Lake Macquarie,Newcastle,Arterial Road,No,No,65_to_74,Weekday,Day,1
20151140,NSW,9,2015,Saturday,15:30,Multiple,No,No,No,100,Passenger,Female,70,Outer Regional Australia,New England and North West,Liverpool Plains,National or State Highway,No,No,65_to_74,Weekend,Day,1
20151217,NSW,8,2015,Monday,19:00,Single,No,No,No,100,Passenger,Female,2,Outer Regional Australia,New England and North West,Liverpool Plains,National or State Highway,No,No,0_to_16,Weekday,Night,1
20151234,NSW,8,2015,Sunday,8:40,Single,No,No,No,110,Driver,Male,22,Major Cities of Australia,Richmond - Tweed,Tweed,National or State Highway,No,No,17_to_25,Weekend,Day,1
20151146,NSW,8,2015,Wednesday,6:55,Multiple,No,No,No,50,Driver,Male,89,Major Cities of Australia,Sydney - Inner South West,Canterbury-Bankstown,Local Road,No,No,75_or_older,Weekday,Day,1
20154076,SA,8,2015,Sunday,1:15,Single,No,No,No,60,Pedestrian,Female,49,Major Cities of Australia,Adelaide - North,Tea Tree Gully (C),Arterial Road,No,No,40_to_64,Weekend,Night,1
20155040,WA,7,2015,Tuesday,22:49,Single,No,No,No,100,Motorcycle rider,Male,41,Major Cities of Australia,Mandurah,Mandurah (C),ARTERIAL ROAD,No,No,40_to_64,Weekday,Night,1
20152071,Vic,7,2015,Sunday,1:40,Single,No,No,No,100,Driver,Male,37,Inner Regional Australia,Hume,Murrindindi (S),National or State Highway,No,No,26_to_39,Weekend,Night,1
20151171,NSW,7,2015,Friday,15:14,Multiple,No,Yes,No,80,Motorcycle rider,Male,42,Major Cities of Australia,Hunter Valley exc Newcastle,Port Stephens,Arterial Road,No,No,40_to_64,Weekday,Day,1
20152102,Vic,7,2015,Sunday,20:14,Multiple,No,No,No,50,Pedestrian,Female,74,Major Cities of Australia,Melbourne - North West,Moreland (C),Collector Road,No,No,65_to_74,Weekend,Night,1
20152199,Vic,6,2015,Thursday,16:35,Multiple,No,No,No,100,Driver,Male,76,Inner Regional Australia,Melbourne - Outer East,Yarra Ranges (S),Local Road,No,No,75_or_older,Weekday,Day,1
20151074,NSW,6,2015,Saturday,0:58,Single,No,No,No,50,Pedestrian,Male,37,Inner Regional Australia,Capital Region,Goulburn Mulwaree,Local Road,No,No,26_to_39,Weekend,Night,1
20151259,NSW,5,2015,Thursday,19:00,Single,No,No,No,100,Passenger,Female,20,Inner Regional Australia,Riverina,Cootamundra-Gundagai,Arterial Road,No,No,17_to_25,Weekday,Night,1
20152155,Vic,5,2015,Sunday,10:11,Multiple,No,No,No,100,Driver,Male,19,Inner Regional Australia,Ballarat,Moorabool (S),National or State Highway,No,No,17_to_25,Weekend,Day,1
20151113,NSW,5,2015,Thursday,16:15,Multiple,No,No,Yes,100,Driver,Female,18,Inner Regional Australia,Hunter Valley exc Newcastle,Singleton,National or State Highway,No,No,17_to_25,Weekday,Day,1
20151073,NSW,5,2015,Monday,11:20,Multiple,No,No,No,60,Driver,Female,86,Inner Regional Australia,Far West and Orana,Dubbo Regional,National or State Highway,No,No,75_or_older,Weekday,Day,1
20154025,SA,4,2015,Sunday,14:38,Multiple,No,No,No,110,Passenger,Female,88,Outer Regional Australia,Barossa - Yorke - Mid North,Wakefield (DC),National or State Highway,No,No,75_or_older,Weekend,Day,1
20155110,WA,4,2015,Sunday,8:42,Single,No,No,No,60,Driver,Male,78,Major Cities of Australia,Perth - North East,Bayswater (C),ARTERIAL ROAD,No,No,75_or_older,Weekend,Day,1
20152085,Vic,4,2015,Saturday,3:10,Single,No,Yes,No,50,Pedestrian,Male,59,Major Cities of Australia,Melbourne - West,Maribyrnong (C),Sub-arterial Road,No,No,40_to_64,Weekend,Night,1
20151296,NSW,4,2015,Saturday,17:00,Single,No,No,No,70,Pedestrian,Male,36,Major Cities of Australia,Sydney - Ryde,Hornsby,National or State Highway,No,No,26_to_39,Weekend,Day,1
20155057,WA,3,2015,Saturday,22:00,Single,No,No,No,80,Passenger,Female,15,Major Cities of Australia,Perth - North West,Wanneroo (C),ARTERIAL ROAD,No,No,0_to_16,Weekend,Night,1
20157004,NT,3,2015,Wednesday,2:30,Single,No,No,No,110,Passenger,Male,38,Very Remote Australia,Northern Territory - Outback,Barkly (R),Access road,No,No,26_to_39,Weekday,Night,1
20152193,Vic,3,2015,Sunday,21:20,Single,No,No,No,100,Motorcycle rider,Male,47,Major Cities of Australia,Melbourne - Inner South,Stonnington (C),National or State Highway,No,No,40_to_64,Weekend,Night,1
20151225,NSW,3,2015,Wednesday,8:00,Single,No,No,No,50,Pedestrian,Female,90,Major Cities of Australia,Sydney - Northern Beaches,Northern Beaches,Local Road,No,No,75_or_older,Weekday,Day,1
20152072,Vic,2,2015,Saturday,19:40,Single,No,No,No,80,Driver,Female,50,Major Cities of Australia,Melbourne - West,Melton (C),Local Road,No,No,40_to_64,Weekend,Night,1
20156015,Tas,2,2015,Sunday,11:11,Single,No,No,No,100,Motorcycle rider,Male,57,Outer Regional Australia,South East,Central Highlands (M) (Tas.),Sub-arterial Road,No,No,40_to_64,Weekend,Day,1
20155087,WA,2,2015,Friday,14:59,Multiple,Yes,No,No,80,Driver,Male,64,Outer Regional Australia,Western Australia - Wheat Belt,Williams (S),NATIONAL OR STATE HIGHWAY,No,No,40_to_64,Weekday,Day,1
20154078,SA,1,2015,Monday,19:08,Multiple,No,No,No,100,Driver,Female,26,Inner Regional Australia,South Australia - South East,Yankalilla (DC),Arterial Road,No,No,26_to_39,Weekday,Night,1
20154004,SA,1,2015,Saturday,9:10,Multiple,No,Yes,No,110,Driver,Male,60,Outer Regional Australia,South Australia - Outback,Franklin Harbour (DC),Arterial Road,No,No,40_to_64,Weekend,Day,1
20154008,SA,1,2015,Monday,13:04,Multiple,No,No,Yes,60,Pedal cyclist,Female,37,Major Cities of Australia,Adelaide - West,Charles Sturt (C),Arterial Road,No,No,26_to_39,Weekday,Day,1
20155055,WA,1,2015,Tuesday,14:46,Single,No,No,No,110,Passenger,Male,11,Very Remote Australia,Western Australia - Outback (North),East Pilbara (S),NATIONAL OR STATE HIGHWAY,No,No,0_to_16,Weekday,Day,1
20152094,Vic,1,2015,Thursday,6:51,Single,No,No,No,70,Driver,Male,28,Major Cities of Australia,Melbourne - Inner South,Bayside (C),Arterial Road,Yes,No,26_to_39,Weekday,Day,1
20145141,WA,12,2014,Thursday,0:09,Single,No,No,No,110,Passenger,Male,43,Outer Regional Australia,Bunbury,Boyup Brook (S),ARTERIAL ROAD,No,No,40_to_64,Weekday,Night,1
20146002,Tas,11,2014,Thursday,17:00,Single,No,No,No,100,Driver,Male,69,Remote Australia,West and North West,West Coast (M),National or State Highway,No,No,65_to_74,Weekday,Day,1
20145139,WA,10,2014,Sunday,18:55,Multiple,Yes,No,No,110,Passenger,Female,5,Very Remote Australia,Western Australia - Outback (South),Kalgoorlie/Boulder (C),NATIONAL OR STATE HIGHWAY,No,No,0_to_16,Weekend,Night,1
20145040,WA,10,2014,Monday,15:25,Single,No,No,No,60,Motorcycle rider,Male,34,Major Cities of Australia,Perth - South East,Gosnells (C),ARTERIAL ROAD,No,No,26_to_39,Weekday,Day,1
20144061,SA,9,2014,Monday,9:25,Single,No,No,No,110,Driver,Female,26,Inner Regional Australia,Barossa - Yorke - Mid North,Light (RegC),National or State Highway,No,No,26_to_39,Weekday,Day,1
20144090,SA,9,2014,Friday,10:40,Single,No,No,No,100,Motorcycle rider,Male,66,Very Remote Australia,South Australia - Outback,Unincorporated SA,Sub-arterial Road,No,No,65_to_74,Weekday,Day,1
20145147,WA,7,2014,Saturday,16:25,Single,No,No,No,50,Motorcycle rider,Male,19,Major Cities of Australia,Perth - South West,Cockburn (C),LOCAL ROAD,No,No,17_to_25,Weekend,Day,1
20146025,Tas,7,2014,Thursday,13:35,Multiple,No,No,Yes,110,Passenger,Female,76,Outer Regional Australia,Launceston and North East,Northern Midlands (M),National or State Highway,No,No,75_or_older,Weekday,Day,1
20145008,WA,4,2014,Monday,22:45,Single,No,No,No,50,Passenger,Male,35,Major Cities of Australia,Perth - North East,Mundaring (S),LOCAL ROAD,No,No,26_to_39,Weekday,Night,1
20145125,WA,3,2014,Sunday,6:00,Single,No,No,No,90,Pedestrian,Male,49,Remote Australia,Western Australia - Wheat Belt,Lake Grace (S),ARTERIAL ROAD,No,No,40_to_64,Weekend,Day,1
20145020,WA,1,2014,Saturday,12:25,Single,No,No,No,110,Motorcycle rider,Male,43,Inner Regional Australia,Western Australia - Wheat Belt,Chittering (S),ARTERIAL ROAD,No,No,40_to_64,Weekend,Day,1
20144022,SA,1,2014,Monday,9:35,Single,No,No,No,50,Pedestrian,Female,82,Major Cities of Australia,Adelaide - North,Tea Tree Gully (C),Local Road,No,No,75_or_older,Weekday,Day,1
